run,seed,parameters,train_corpus_tokens,processed_tokens,tokens_per_parameter,effective_epochs,best_validation_nll,final_train_nll,final_train_perplexity,final_validation_nll,final_validation_perplexity,generalization_gap,final_in_domain_validation_nll,final_in_domain_generalization_gap,elapsed_seconds
broad-20x,11,27520,651530,550656,20.009302,0.845174,3.240858,3.244184,25.640773,3.240858,25.555641,-0.003326,3.261779,0.017595,15.790
broad-20x,42,27520,651530,550656,20.009302,0.845174,3.179403,3.194103,24.388282,3.179403,24.032392,-0.014700,3.210109,0.016006,12.527
broad-20x,73,27520,651530,550656,20.009302,0.845174,3.116930,3.125643,22.774529,3.116930,22.576973,-0.008712,3.139458,0.013815,13.207
repeated-20x,11,27520,25184,550656,20.009302,21.865311,3.265110,3.236183,25.436450,3.265110,26.183004,0.028927,3.287005,0.050822,12.851
repeated-20x,42,27520,25184,550656,20.009302,21.865311,3.203084,3.180708,24.063789,3.203084,24.608311,0.022376,3.237176,0.056468,14.622
repeated-20x,73,27520,25184,550656,20.009302,21.865311,3.139891,3.096955,22.130457,3.139891,23.101352,0.042936,3.165128,0.068173,13.395
small-1x,11,27520,25184,27648,1.004651,1.097840,3.824687,3.824805,45.823854,3.824687,45.818468,-0.000118,3.827662,0.002857,1.829
small-1x,42,27520,25184,27648,1.004651,1.097840,3.812387,3.812872,45.280316,3.812387,45.258330,-0.000486,3.815213,0.002341,1.558
small-1x,73,27520,25184,27648,1.004651,1.097840,3.818833,3.815378,45.393899,3.818833,45.551024,0.003455,3.820107,0.004730,1.653
